Campaign,Ad Group,Keyword,Criterion Type,Status
Search - AU - Fractional CTO,Fractional CTO,fractional cto,Exact,Enabled
Search - AU - Fractional CTO,Fractional CTO,fractional cto,Phrase,Enabled
Search - AU - Fractional CTO,Fractional CTO,fractional cto services,Exact,Enabled
Search - AU - Fractional CTO,Fractional CTO,fractional cto services,Phrase,Enabled
Search - AU - Fractional CTO,Fractional CTO,fractional cto for startups,Exact,Enabled
Search - AU - Fractional CTO,Fractional CTO,fractional cto for startups,Phrase,Enabled
Search - AU - Fractional CTO,Fractional CTO,fractional cto australia,Exact,Enabled
Search - AU - Fractional CTO,Fractional CTO,fractional cto australia,Phrase,Enabled
Search - AU - Fractional CTO,Fractional CTO,fractional cto melbourne,Exact,Enabled
Search - AU - Fractional CTO,Fractional CTO,fractional cto melbourne,Phrase,Enabled
Search - AU - Fractional CTO,Fractional CTO,fractional cto sydney,Exact,Enabled
Search - AU - Fractional CTO,Fractional CTO,fractional cto sydney,Phrase,Enabled
Search - AU - Fractional CTO,Fractional CTO,fractional cto brisbane,Exact,Enabled
Search - AU - Fractional CTO,Fractional CTO,fractional cto brisbane,Phrase,Enabled
Search - AU - Fractional CTO,Fractional CTO,fractional cto perth,Exact,Enabled
Search - AU - Fractional CTO,Fractional CTO,fractional cto perth,Phrase,Enabled
Search - AU - Fractional CTO,Fractional CTO,fractional cto cost,Exact,Enabled
Search - AU - Fractional CTO,Fractional CTO,fractional cto cost,Phrase,Enabled
Search - AU - Fractional CTO,Fractional CTO,fractional cto rates,Exact,Enabled
Search - AU - Fractional CTO,Fractional CTO,fractional cto rates,Phrase,Enabled
Search - AU - Fractional CTO,Fractional CTO,fractional cto pricing,Exact,Enabled
Search - AU - Fractional CTO,Fractional CTO,fractional cto pricing,Phrase,Enabled
Search - AU - Fractional CTO,Fractional CTO,hire a fractional cto,Exact,Enabled
Search - AU - Fractional CTO,Fractional CTO,hire a fractional cto,Phrase,Enabled
Search - AU - Fractional CTO,Fractional CTO,find a fractional cto,Exact,Enabled
Search - AU - Fractional CTO,Fractional CTO,find a fractional cto,Phrase,Enabled
Search - AU - Fractional CTO,Fractional CTO,part time cto,Exact,Enabled
Search - AU - Fractional CTO,Fractional CTO,part time cto,Phrase,Enabled
Search - AU - Fractional CTO,Fractional CTO,cto as a service,Exact,Enabled
Search - AU - Fractional CTO,Fractional CTO,cto as a service,Phrase,Enabled
Search - AU - Fractional CTO,Fractional CTO,outsourced cto,Exact,Enabled
Search - AU - Fractional CTO,Fractional CTO,outsourced cto,Phrase,Enabled
Search - AU - Fractional CTO,Fractional CTO,outsourced cto services,Exact,Enabled
Search - AU - Fractional CTO,Fractional CTO,outsourced cto services,Phrase,Enabled
Search - AU - Fractional CTO,Fractional CTO,virtual cto,Exact,Enabled
Search - AU - Fractional CTO,Fractional CTO,virtual cto,Phrase,Enabled
Search - AU - Fractional CTO,Fractional CTO,virtual cto services,Exact,Enabled
Search - AU - Fractional CTO,Fractional CTO,virtual cto services,Phrase,Enabled
Search - AU - Fractional CTO,Fractional CTO,interim cto,Exact,Enabled
Search - AU - Fractional CTO,Fractional CTO,interim cto,Phrase,Enabled
Search - AU - Fractional CTO,Fractional CTO,cto for hire,Exact,Enabled
Search - AU - Fractional CTO,Fractional CTO,cto for hire,Phrase,Enabled
Search - AU - Fractional CTO,Fractional CTO,hire a cto,Exact,Enabled
Search - AU - Fractional CTO,Fractional CTO,hire a cto,Phrase,Enabled
Search - AU - Fractional CTO,CTO advisory,cto consultant,Exact,Enabled
Search - AU - Fractional CTO,CTO advisory,cto consultant,Phrase,Enabled
Search - AU - Fractional CTO,CTO advisory,cto consulting,Exact,Enabled
Search - AU - Fractional CTO,CTO advisory,cto consulting,Phrase,Enabled
Search - AU - Fractional CTO,CTO advisory,cto consulting services,Exact,Enabled
Search - AU - Fractional CTO,CTO advisory,cto consulting services,Phrase,Enabled
Search - AU - Fractional CTO,CTO advisory,cto advisory,Exact,Enabled
Search - AU - Fractional CTO,CTO advisory,cto advisory,Phrase,Enabled
Search - AU - Fractional CTO,CTO advisory,startup cto,Exact,Enabled
Search - AU - Fractional CTO,CTO advisory,startup cto,Phrase,Enabled
Search - AU - Fractional CTO,CTO advisory,technology strategy consulting,Exact,Enabled
Search - AU - Fractional CTO,CTO advisory,technology strategy consulting,Phrase,Enabled
Search - AU - Fractional CTO,CTO advisory,it strategy consultant,Exact,Enabled
Search - AU - Fractional CTO,CTO advisory,it strategy consultant,Phrase,Enabled
Search - AU - Fractional CTO,CTO advisory,technical advisor for startups,Exact,Enabled
Search - AU - Fractional CTO,CTO advisory,technical advisor for startups,Phrase,Enabled
Search - AU - Fractional CTO,CTO advisory,startup technical advisor,Exact,Enabled
Search - AU - Fractional CTO,CTO advisory,startup technical advisor,Phrase,Enabled
Search - AU - Fractional CTO,CTO advisory,technology advisor small business,Exact,Enabled
Search - AU - Fractional CTO,CTO advisory,technology advisor small business,Phrase,Enabled
Search - AU - Fractional CTO,CTO advisory,fractional cio,Exact,Enabled
Search - AU - Fractional CTO,CTO advisory,fractional cio,Phrase,Enabled
Search - AU - Fractional CTO,CTO advisory,virtual cio,Exact,Enabled
Search - AU - Fractional CTO,CTO advisory,virtual cio,Phrase,Enabled
Search - AU - Fractional CTO,CTO advisory,virtual cio services,Exact,Enabled
Search - AU - Fractional CTO,CTO advisory,virtual cio services,Phrase,Enabled
Search - AU - Fractional CTO,Technical due diligence and audit,technical due diligence,Exact,Enabled
Search - AU - Fractional CTO,Technical due diligence and audit,technical due diligence,Phrase,Enabled
Search - AU - Fractional CTO,Technical due diligence and audit,technical due diligence services,Exact,Enabled
Search - AU - Fractional CTO,Technical due diligence and audit,technical due diligence services,Phrase,Enabled
Search - AU - Fractional CTO,Technical due diligence and audit,technical due diligence consultant,Exact,Enabled
Search - AU - Fractional CTO,Technical due diligence and audit,technical due diligence consultant,Phrase,Enabled
Search - AU - Fractional CTO,Technical due diligence and audit,technical due diligence consulting services,Exact,Enabled
Search - AU - Fractional CTO,Technical due diligence and audit,technical due diligence consulting services,Phrase,Enabled
Search - AU - Fractional CTO,Technical due diligence and audit,technical due diligence companies,Exact,Enabled
Search - AU - Fractional CTO,Technical due diligence and audit,technical due diligence companies,Phrase,Enabled
Search - AU - Fractional CTO,Technical due diligence and audit,software due diligence,Exact,Enabled
Search - AU - Fractional CTO,Technical due diligence and audit,software due diligence,Phrase,Enabled
Search - AU - Fractional CTO,Technical due diligence and audit,software technical due diligence,Exact,Enabled
Search - AU - Fractional CTO,Technical due diligence and audit,software technical due diligence,Phrase,Enabled
Search - AU - Fractional CTO,Technical due diligence and audit,technical due diligence software,Exact,Enabled
Search - AU - Fractional CTO,Technical due diligence and audit,technical due diligence software,Phrase,Enabled
Search - AU - Fractional CTO,Technical due diligence and audit,tech due diligence,Exact,Enabled
Search - AU - Fractional CTO,Technical due diligence and audit,tech due diligence,Phrase,Enabled
Search - AU - Fractional CTO,Technical due diligence and audit,technology due diligence,Exact,Enabled
Search - AU - Fractional CTO,Technical due diligence and audit,technology due diligence,Phrase,Enabled
Search - AU - Fractional CTO,Technical due diligence and audit,startup technical due diligence,Exact,Enabled
Search - AU - Fractional CTO,Technical due diligence and audit,startup technical due diligence,Phrase,Enabled
Search - AU - Fractional CTO,Technical due diligence and audit,m&a technical due diligence,Exact,Enabled
Search - AU - Fractional CTO,Technical due diligence and audit,m&a technical due diligence,Phrase,Enabled
Search - AU - Fractional CTO,Technical due diligence and audit,technical audit,Exact,Enabled
Search - AU - Fractional CTO,Technical due diligence and audit,technical audit,Phrase,Enabled
Search - AU - Fractional CTO,Technical due diligence and audit,technical audit services,Exact,Enabled
Search - AU - Fractional CTO,Technical due diligence and audit,technical audit services,Phrase,Enabled
Search - AU - Fractional CTO,Technical due diligence and audit,software audit,Exact,Enabled
Search - AU - Fractional CTO,Technical due diligence and audit,software audit,Phrase,Enabled
Search - AU - Fractional CTO,Technical due diligence and audit,software audit services,Exact,Enabled
Search - AU - Fractional CTO,Technical due diligence and audit,software audit services,Phrase,Enabled
Search - AU - Fractional CTO,Technical due diligence and audit,code audit,Exact,Enabled
Search - AU - Fractional CTO,Technical due diligence and audit,code audit,Phrase,Enabled
Search - AU - Fractional CTO,Technical due diligence and audit,code review services,Exact,Enabled
Search - AU - Fractional CTO,Technical due diligence and audit,code review services,Phrase,Enabled
Search - AU - Fractional CTO,Technical due diligence and audit,architecture review,Exact,Enabled
Search - AU - Fractional CTO,Technical due diligence and audit,architecture review,Phrase,Enabled
Search - AU - Fractional CTO,MVP build,mvp development,Exact,Enabled
Search - AU - Fractional CTO,MVP build,mvp development,Phrase,Enabled
Search - AU - Fractional CTO,MVP build,mvp development company,Exact,Enabled
Search - AU - Fractional CTO,MVP build,mvp development company,Phrase,Enabled
Search - AU - Fractional CTO,MVP build,mvp development agency,Exact,Enabled
Search - AU - Fractional CTO,MVP build,mvp development agency,Phrase,Enabled
Search - AU - Fractional CTO,MVP build,mvp development services,Exact,Enabled
Search - AU - Fractional CTO,MVP build,mvp development services,Phrase,Enabled
Search - AU - Fractional CTO,MVP build,mvp development australia,Exact,Enabled
Search - AU - Fractional CTO,MVP build,mvp development australia,Phrase,Enabled
Search - AU - Fractional CTO,MVP build,mvp development company australia,Exact,Enabled
Search - AU - Fractional CTO,MVP build,mvp development company australia,Phrase,Enabled
Search - AU - Fractional CTO,MVP build,mvp app development,Exact,Enabled
Search - AU - Fractional CTO,MVP build,mvp app development,Phrase,Enabled
Search - AU - Fractional CTO,MVP build,minimum viable product development,Exact,Enabled
Search - AU - Fractional CTO,MVP build,minimum viable product development,Phrase,Enabled
Search - AU - Fractional CTO,MVP build,build an mvp,Exact,Enabled
Search - AU - Fractional CTO,MVP build,build an mvp,Phrase,Enabled
Search - AU - Fractional CTO,MVP build,how much does an mvp cost,Exact,Enabled
Search - AU - Fractional CTO,MVP build,how much does an mvp cost,Phrase,Enabled
Search - AU - Fractional CTO,MVP build,mvp cost,Exact,Enabled
Search - AU - Fractional CTO,MVP build,mvp cost,Phrase,Enabled
Search - AU - Fractional CTO,MVP build,minimum viable product cost,Exact,Enabled
Search - AU - Fractional CTO,MVP build,minimum viable product cost,Phrase,Enabled
Search - AU - Fractional CTO,MVP build,software development cost,Exact,Enabled
Search - AU - Fractional CTO,MVP build,software development cost,Phrase,Enabled
Search - AU - Fractional CTO,AI and automation,ai automation consultant,Exact,Enabled
Search - AU - Fractional CTO,AI and automation,ai automation consultant,Phrase,Enabled
Search - AU - Fractional CTO,AI and automation,ai automation agency,Exact,Enabled
Search - AU - Fractional CTO,AI and automation,ai automation agency,Phrase,Enabled
Search - AU - Fractional CTO,AI and automation,ai automation services,Exact,Enabled
Search - AU - Fractional CTO,AI and automation,ai automation services,Phrase,Enabled
Search - AU - Fractional CTO,AI and automation,ai automation for small business,Exact,Enabled
Search - AU - Fractional CTO,AI and automation,ai automation for small business,Phrase,Enabled
Search - AU - Fractional CTO,AI and automation,ai automation small business,Exact,Enabled
Search - AU - Fractional CTO,AI and automation,ai automation small business,Phrase,Enabled
Search - AU - Fractional CTO,AI and automation,ai consultant,Exact,Enabled
Search - AU - Fractional CTO,AI and automation,ai consultant,Phrase,Enabled
Search - AU - Fractional CTO,AI and automation,ai consultant australia,Exact,Enabled
Search - AU - Fractional CTO,AI and automation,ai consultant australia,Phrase,Enabled
Search - AU - Fractional CTO,AI and automation,ai consulting australia,Exact,Enabled
Search - AU - Fractional CTO,AI and automation,ai consulting australia,Phrase,Enabled
Search - AU - Fractional CTO,AI and automation,ai consulting services,Exact,Enabled
Search - AU - Fractional CTO,AI and automation,ai consulting services,Phrase,Enabled
Search - AU - Fractional CTO,AI and automation,ai implementation consultant,Exact,Enabled
Search - AU - Fractional CTO,AI and automation,ai implementation consultant,Phrase,Enabled
Search - AU - Fractional CTO,AI and automation,ai strategy consultant,Exact,Enabled
Search - AU - Fractional CTO,AI and automation,ai strategy consultant,Phrase,Enabled
Search - AU - Fractional CTO,AI and automation,ai agents for business,Exact,Enabled
Search - AU - Fractional CTO,AI and automation,ai agents for business,Phrase,Enabled
Search - AU - Fractional CTO,AI and automation,business process automation consultant,Exact,Enabled
Search - AU - Fractional CTO,AI and automation,business process automation consultant,Phrase,Enabled
Search - AU - Fractional CTO,AI and automation,business automation consultant,Exact,Enabled
Search - AU - Fractional CTO,AI and automation,business automation consultant,Phrase,Enabled
Search - AU - Fractional CTO,AI and automation,workflow automation consultant,Exact,Enabled
Search - AU - Fractional CTO,AI and automation,workflow automation consultant,Phrase,Enabled
Search - AU - Fractional CTO,AI and automation,workflow automation australia,Exact,Enabled
Search - AU - Fractional CTO,AI and automation,workflow automation australia,Phrase,Enabled
Search - AU - Fractional CTO,Cloud cost,cloud cost optimisation,Exact,Enabled
Search - AU - Fractional CTO,Cloud cost,cloud cost optimisation,Phrase,Enabled
Search - AU - Fractional CTO,Cloud cost,cloud cost optimization,Exact,Enabled
Search - AU - Fractional CTO,Cloud cost,cloud cost optimization,Phrase,Enabled
Search - AU - Fractional CTO,Cloud cost,cloud cost optimisation services,Exact,Enabled
Search - AU - Fractional CTO,Cloud cost,cloud cost optimisation services,Phrase,Enabled
Search - AU - Fractional CTO,Cloud cost,reduce cloud costs,Exact,Enabled
Search - AU - Fractional CTO,Cloud cost,reduce cloud costs,Phrase,Enabled
Search - AU - Fractional CTO,Cloud cost,aws cost optimisation,Exact,Enabled
Search - AU - Fractional CTO,Cloud cost,aws cost optimisation,Phrase,Enabled
Search - AU - Fractional CTO,Cloud cost,aws cost optimization,Exact,Enabled
Search - AU - Fractional CTO,Cloud cost,aws cost optimization,Phrase,Enabled
Search - AU - Fractional CTO,Cloud cost,aws cost optimization consultant,Exact,Enabled
Search - AU - Fractional CTO,Cloud cost,aws cost optimization consultant,Phrase,Enabled
Search - AU - Fractional CTO,Cloud cost,azure cost optimisation,Exact,Enabled
Search - AU - Fractional CTO,Cloud cost,azure cost optimisation,Phrase,Enabled
Search - AU - Fractional CTO,Cloud cost,azure cost management,Exact,Enabled
Search - AU - Fractional CTO,Cloud cost,azure cost management,Phrase,Enabled
Search - AU - Fractional CTO,Cloud cost,cloud spend review,Exact,Enabled
Search - AU - Fractional CTO,Cloud cost,cloud spend review,Phrase,Enabled
Search - AU - Fractional CTO,Cloud cost,cloud consultant,Exact,Enabled
Search - AU - Fractional CTO,Cloud cost,cloud consultant,Phrase,Enabled
Search - AU - Fractional CTO,Cloud cost,cloud bill too high,Exact,Enabled
Search - AU - Fractional CTO,Cloud cost,cloud bill too high,Phrase,Enabled
Search - AU - Research intent,What a fractional CTO does,what does a fractional cto do,Exact,Enabled
Search - AU - Research intent,What a fractional CTO does,what does a fractional cto do,Phrase,Enabled
Search - AU - Research intent,What a fractional CTO does,what is a fractional cto,Exact,Enabled
Search - AU - Research intent,What a fractional CTO does,what is a fractional cto,Phrase,Enabled
Search - AU - Research intent,What a fractional CTO does,fractional cto responsibilities,Exact,Enabled
Search - AU - Research intent,What a fractional CTO does,fractional cto responsibilities,Phrase,Enabled
Search - AU - Research intent,Fractional vs full-time CTO,fractional cto vs full time cto,Exact,Enabled
Search - AU - Research intent,Fractional vs full-time CTO,fractional cto vs full time cto,Phrase,Enabled
Search - AU - Research intent,Fractional vs full-time CTO,part time cto vs full time cto,Exact,Enabled
Search - AU - Research intent,Fractional vs full-time CTO,part time cto vs full time cto,Phrase,Enabled
Search - AU - Research intent,Fractional vs full-time CTO,when to hire a full time cto,Exact,Enabled
Search - AU - Research intent,Fractional vs full-time CTO,when to hire a full time cto,Phrase,Enabled
Search - AU - Research intent,When to hire a CTO,when to hire a cto,Exact,Enabled
Search - AU - Research intent,When to hire a CTO,when to hire a cto,Phrase,Enabled
Search - AU - Research intent,When to hire a CTO,do i need a cto,Exact,Enabled
Search - AU - Research intent,When to hire a CTO,do i need a cto,Phrase,Enabled
Search - AU - Research intent,When to hire a CTO,startup cto hire,Exact,Enabled
Search - AU - Research intent,When to hire a CTO,startup cto hire,Phrase,Enabled
Search - AU - Research intent,When to hire a CTO,first technical leader,Exact,Enabled
Search - AU - Research intent,When to hire a CTO,first technical leader,Phrase,Enabled
Search - AU - Research intent,When to hire a CTO,technical co-founder alternative,Exact,Enabled
Search - AU - Research intent,When to hire a CTO,technical co-founder alternative,Phrase,Enabled
Search - AU - Research intent,Due diligence checklist,technical due diligence checklist,Exact,Enabled
Search - AU - Research intent,Due diligence checklist,technical due diligence checklist,Phrase,Enabled
Search - AU - Research intent,Due diligence checklist,technical due diligence process,Exact,Enabled
Search - AU - Research intent,Due diligence checklist,technical due diligence process,Phrase,Enabled
Search - AU - Research intent,Due diligence checklist,technical due diligence questions,Exact,Enabled
Search - AU - Research intent,Due diligence checklist,technical due diligence questions,Phrase,Enabled
Search - AU - Research intent,Due diligence checklist,what is technical due diligence,Exact,Enabled
Search - AU - Research intent,Due diligence checklist,what is technical due diligence,Phrase,Enabled
Search - AU - Research intent,Due diligence checklist,technical audit before raise,Exact,Enabled
Search - AU - Research intent,Due diligence checklist,technical audit before raise,Phrase,Enabled
Search - AU - Research intent,Choosing an agency,how to choose a software development agency,Exact,Enabled
Search - AU - Research intent,Choosing an agency,how to choose a software development agency,Phrase,Enabled
Search - AU - Research intent,Choosing an agency,choosing a software development agency,Exact,Enabled
Search - AU - Research intent,Choosing an agency,choosing a software development agency,Phrase,Enabled
Search - AU - Research intent,Choosing an agency,vet a development agency,Exact,Enabled
Search - AU - Research intent,Choosing an agency,vet a development agency,Phrase,Enabled
Search - AU - Research intent,Choosing an agency,software development quote,Exact,Enabled
Search - AU - Research intent,Choosing an agency,software development quote,Phrase,Enabled
Search - AU - Research intent,Choosing an agency,agency vs in-house development,Exact,Enabled
Search - AU - Research intent,Choosing an agency,agency vs in-house development,Phrase,Enabled
