Campaign,Keyword,Criterion Type
Search - AU - Fractional CTO,jobs,Negative Phrase
Search - AU - Fractional CTO,job,Negative Phrase
Search - AU - Fractional CTO,careers,Negative Phrase
Search - AU - Fractional CTO,career,Negative Phrase
Search - AU - Fractional CTO,salary,Negative Phrase
Search - AU - Fractional CTO,salaries,Negative Phrase
Search - AU - Fractional CTO,resume,Negative Phrase
Search - AU - Fractional CTO,cv,Negative Phrase
Search - AU - Fractional CTO,internship,Negative Phrase
Search - AU - Fractional CTO,graduate,Negative Phrase
Search - AU - Fractional CTO,course,Negative Phrase
Search - AU - Fractional CTO,courses,Negative Phrase
Search - AU - Fractional CTO,certification,Negative Phrase
Search - AU - Fractional CTO,degree,Negative Phrase
Search - AU - Fractional CTO,university,Negative Phrase
Search - AU - Fractional CTO,how to become,Negative Phrase
Search - AU - Fractional CTO,become a,Negative Phrase
Search - AU - Fractional CTO,equity,Negative Phrase
Search - AU - Fractional CTO,meaning,Negative Phrase
Search - AU - Fractional CTO,definition,Negative Phrase
Search - AU - Fractional CTO,acronym,Negative Phrase
Search - AU - Fractional CTO,stand for,Negative Phrase
Search - AU - Fractional CTO,full form,Negative Phrase
Search - AU - Fractional CTO,abbreviation,Negative Phrase
Search - AU - Fractional CTO,template,Negative Phrase
Search - AU - Fractional CTO,pdf,Negative Phrase
Search - AU - Fractional CTO,sample,Negative Phrase
Search - AU - Fractional CTO,example,Negative Phrase
Search - AU - Fractional CTO,free,Negative Phrase
Search - AU - Fractional CTO,reddit,Negative Phrase
Search - AU - Fractional CTO,asx,Negative Phrase
Search - AU - Fractional CTO,share price,Negative Phrase
Search - AU - Fractional CTO,shares,Negative Phrase
Search - AU - Fractional CTO,stock,Negative Phrase
Search - AU - Fractional CTO,kelvin,Negative Phrase
Search - AU - Fractional CTO,lighting,Negative Phrase
Search - AU - Fractional CTO,industries,Negative Phrase
Search - AU - Fractional CTO,4x4,Negative Phrase
Search - AU - Fractional CTO,brace,Negative Phrase
Search - AU - Fractional CTO,gel,Negative Phrase
Search - AU - Fractional CTO,water filter,Negative Phrase
Search - AU - Fractional CTO,stamps,Negative Phrase
Search - AU - Fractional CTO,mental health,Negative Phrase
Search - AU - Fractional CTO,medical,Negative Phrase
Search - AU - Fractional CTO,consignment,Negative Phrase
Search - AU - Fractional CTO,coles,Negative Phrase
Search - AU - Fractional CTO,optus,Negative Phrase
Search - AU - Fractional CTO,atlassian,Negative Phrase
Search - AU - Fractional CTO,canva,Negative Phrase
Search - AU - Fractional CTO,ripple,Negative Phrase
Search - AU - Fractional CTO,rippling,Negative Phrase
Search - AU - Fractional CTO,property,Negative Phrase
Search - AU - Fractional CTO,real estate,Negative Phrase
Search - AU - Fractional CTO,construction,Negative Phrase
Search - AU - Fractional CTO,building,Negative Phrase
Search - AU - Fractional CTO,rics,Negative Phrase
Search - AU - Fractional CTO,renewables,Negative Phrase
Search - AU - Fractional CTO,survey,Negative Phrase
Search - AU - Fractional CTO,surveying,Negative Phrase
Search - AU - Fractional CTO,nba,Negative Phrase
Search - AU - Fractional CTO,nfl,Negative Phrase
Search - AU - Fractional CTO,mlb,Negative Phrase
Search - AU - Fractional CTO,super bowl,Negative Phrase
Search - AU - Fractional CTO,ladder,Negative Phrase
Search - AU - Fractional CTO,odds,Negative Phrase
Search - AU - Fractional CTO,award,Negative Phrase
Search - AU - Fractional CTO,awards,Negative Phrase
Search - AU - Fractional CTO,finals,Negative Phrase
Search - AU - Fractional CTO,nightclub,Negative Phrase
Search - AU - Fractional CTO,disease,Negative Phrase
Search - AU - Fractional CTO,syndrome,Negative Phrase
Search - AU - Fractional CTO,industrial,Negative Phrase
Search - AU - Fractional CTO,rockwell,Negative Phrase
Search - AU - Fractional CTO,gate,Negative Phrase
Search - AU - Fractional CTO,home automation,Negative Phrase
Search - AU - Fractional CTO,plc,Negative Phrase
Search - AU - Fractional CTO,managed it services,Negative Phrase
Search - AU - Fractional CTO,it support,Negative Phrase
Search - AU - Fractional CTO,computer repair,Negative Phrase
Search - AU - Fractional CTO,web design,Negative Phrase
Search - AU - Fractional CTO,wordpress,Negative Phrase
Search - AU - Fractional CTO,shopify,Negative Phrase
Search - AU - Fractional CTO,app store,Negative Phrase
Search - AU - Research intent,jobs,Negative Phrase
Search - AU - Research intent,job,Negative Phrase
Search - AU - Research intent,careers,Negative Phrase
Search - AU - Research intent,career,Negative Phrase
Search - AU - Research intent,salary,Negative Phrase
Search - AU - Research intent,salaries,Negative Phrase
Search - AU - Research intent,resume,Negative Phrase
Search - AU - Research intent,cv,Negative Phrase
Search - AU - Research intent,internship,Negative Phrase
Search - AU - Research intent,graduate,Negative Phrase
Search - AU - Research intent,course,Negative Phrase
Search - AU - Research intent,courses,Negative Phrase
Search - AU - Research intent,certification,Negative Phrase
Search - AU - Research intent,degree,Negative Phrase
Search - AU - Research intent,university,Negative Phrase
Search - AU - Research intent,how to become,Negative Phrase
Search - AU - Research intent,become a,Negative Phrase
Search - AU - Research intent,equity,Negative Phrase
Search - AU - Research intent,meaning,Negative Phrase
Search - AU - Research intent,definition,Negative Phrase
Search - AU - Research intent,acronym,Negative Phrase
Search - AU - Research intent,stand for,Negative Phrase
Search - AU - Research intent,full form,Negative Phrase
Search - AU - Research intent,abbreviation,Negative Phrase
Search - AU - Research intent,template,Negative Phrase
Search - AU - Research intent,pdf,Negative Phrase
Search - AU - Research intent,sample,Negative Phrase
Search - AU - Research intent,example,Negative Phrase
Search - AU - Research intent,free,Negative Phrase
Search - AU - Research intent,reddit,Negative Phrase
Search - AU - Research intent,asx,Negative Phrase
Search - AU - Research intent,share price,Negative Phrase
Search - AU - Research intent,shares,Negative Phrase
Search - AU - Research intent,stock,Negative Phrase
Search - AU - Research intent,kelvin,Negative Phrase
Search - AU - Research intent,lighting,Negative Phrase
Search - AU - Research intent,industries,Negative Phrase
Search - AU - Research intent,4x4,Negative Phrase
Search - AU - Research intent,brace,Negative Phrase
Search - AU - Research intent,gel,Negative Phrase
Search - AU - Research intent,water filter,Negative Phrase
Search - AU - Research intent,stamps,Negative Phrase
Search - AU - Research intent,mental health,Negative Phrase
Search - AU - Research intent,medical,Negative Phrase
Search - AU - Research intent,consignment,Negative Phrase
Search - AU - Research intent,coles,Negative Phrase
Search - AU - Research intent,optus,Negative Phrase
Search - AU - Research intent,atlassian,Negative Phrase
Search - AU - Research intent,canva,Negative Phrase
Search - AU - Research intent,ripple,Negative Phrase
Search - AU - Research intent,rippling,Negative Phrase
Search - AU - Research intent,property,Negative Phrase
Search - AU - Research intent,real estate,Negative Phrase
Search - AU - Research intent,construction,Negative Phrase
Search - AU - Research intent,building,Negative Phrase
Search - AU - Research intent,rics,Negative Phrase
Search - AU - Research intent,renewables,Negative Phrase
Search - AU - Research intent,survey,Negative Phrase
Search - AU - Research intent,surveying,Negative Phrase
Search - AU - Research intent,nba,Negative Phrase
Search - AU - Research intent,nfl,Negative Phrase
Search - AU - Research intent,mlb,Negative Phrase
Search - AU - Research intent,super bowl,Negative Phrase
Search - AU - Research intent,ladder,Negative Phrase
Search - AU - Research intent,odds,Negative Phrase
Search - AU - Research intent,award,Negative Phrase
Search - AU - Research intent,awards,Negative Phrase
Search - AU - Research intent,finals,Negative Phrase
Search - AU - Research intent,nightclub,Negative Phrase
Search - AU - Research intent,disease,Negative Phrase
Search - AU - Research intent,syndrome,Negative Phrase
Search - AU - Research intent,industrial,Negative Phrase
Search - AU - Research intent,rockwell,Negative Phrase
Search - AU - Research intent,gate,Negative Phrase
Search - AU - Research intent,home automation,Negative Phrase
Search - AU - Research intent,plc,Negative Phrase
Search - AU - Research intent,managed it services,Negative Phrase
Search - AU - Research intent,it support,Negative Phrase
Search - AU - Research intent,computer repair,Negative Phrase
Search - AU - Research intent,web design,Negative Phrase
Search - AU - Research intent,wordpress,Negative Phrase
Search - AU - Research intent,shopify,Negative Phrase
Search - AU - Research intent,app store,Negative Phrase
