Campaign,Ad Group,Ad type,Final URL,Path 1,Path 2,Headline 1,Headline 2,Headline 3,Headline 4,Headline 5,Headline 6,Headline 7,Headline 8,Headline 9,Headline 10,Headline 11,Headline 12,Headline 13,Headline 14,Headline 15,Description 1,Description 2,Description 3,Description 4,Status
Search - AU - Fractional CTO,Fractional CTO,Responsive search ad,https://thefractionalcto.au/,fractional-cto,subscription,Fractional CTO for Australia,A CTO Without Hiring One,Fractional CTO on Subscription,"Flat Monthly Fee, No Lock-In",Pause or Cancel Anytime,"Unlimited Requests, One Fee","From $6,000 a Month","Roadmap, Hires, Vendors, Board",Has Sat in the CTO Chair,No Recruiter Fees,Start Within a Week,Book a 15-Minute Intro Call,Led by a Former CTO,Plain-English Updates,"Australia-Based, Remote-First","Send any technical decision and get it handled: roadmap, architecture, hires, vendors.","One flat monthly fee, unlimited requests handled one at a time. Pause or cancel anytime.","Senior technical leadership for growing businesses, without the full-time hire.","Fifteen minutes on a call, no slides and no pitch. Bring the decision that is stuck.",Enabled
Search - AU - Fractional CTO,CTO advisory,Responsive search ad,https://thefractionalcto.au/,cto,advisory,CTO Consulting for Founders,A CTO on Your Side,"Technology Strategy, Plainly",Fractional CTO on Subscription,"Flat Monthly Fee, No Lock-In",Pause or Cancel Anytime,Sanity-Check Any Quote,Vendor and Cost Control,Investor-Ready Technology,"Roadmap, Hires, Vendors, Board",Has Sat in the CTO Chair,Book a 15-Minute Intro Call,Led by a Former CTO,Plain-English Updates,"Australia-Based, Remote-First","Agencies build what you ask for. I help you decide what to ask for, and whether to build.","Roadmap, architecture, hiring and vendors, owned by someone who has done the job before.","One flat monthly fee, unlimited requests handled one at a time. Pause or cancel anytime.","Fifteen minutes on a call, no slides and no pitch. Bring the decision that is stuck.",Enabled
Search - AU - Fractional CTO,Technical due diligence and audit,Responsive search ad,https://thefractionalcto.au/#services,technical,audit,Technical Due Diligence,"Technical Audit From $4,500",Fixed-Price Technical Audit,Plain-English Report,Built for Raises and Sales,"Code, Architecture, Security",Prioritised Fix List Included,Read-Out With Your Leaders,For Investors and Founders,Software Due Diligence,"Fixed Scope, Quoted Up Front",Book a 15-Minute Intro Call,Led by a Former CTO,Plain-English Updates,"Australia-Based, Remote-First","A fixed-scope review of your code, architecture, security and team, written for founders.","Plain-English report with a prioritised fix list, plus a read-out call with your leaders.","Used before raises, acquisitions and big rebuild decisions. Quoted before it starts.","Fifteen minutes on a call, no slides and no pitch. Bring the decision that is stuck.",Enabled
Search - AU - Fractional CTO,MVP build,Responsive search ad,https://thefractionalcto.au/#services,mvp,build,"MVP Build From $25,000",MVP Scoped Before It Starts,Working Demo Every Fortnight,"Small Senior Team, CTO-Led","Production-Ready, Handed Over","Fixed Milestones, No Surprises",Discovery Workshop Included,"First Product, Built Right",Know the Price Up Front,Internal Tools and MVPs,Not Sure You Should Build?,Book a 15-Minute Intro Call,Led by a Former CTO,Plain-English Updates,"Australia-Based, Remote-First","Your first product or internal tool, scoped properly and built by a small senior team.","Fixed milestones, a demo every fortnight, and a documented, production-ready handover.","Know what you get before we start: a scoping workshop, then a quoted, fixed-scope build.","Fifteen minutes on a call, no slides and no pitch. Bring the decision that is stuck.",Enabled
Search - AU - Fractional CTO,AI and automation,Responsive search ad,https://thefractionalcto.au/#services,ai,automation,AI Automation That Ships,AI Automation Consultant,Practical AI for Business,AI Agents That Do Real Work,"Workflow Automation, Delivered",Not Demos That Never Ship,"Plain English, No Hype","Flat Monthly Fee, No Lock-In",Pause or Cancel Anytime,Integrations and Automation,Start Within a Week,Book a 15-Minute Intro Call,Led by a Former CTO,Plain-English Updates,"Australia-Based, Remote-First","Practical AI agents, automation and integrations that take real work off your plate.","Pick the process worth automating first, then ship it. No hype, no demos that never land.","Senior technical leadership on a flat monthly fee. Unlimited requests, cancel anytime.","Fifteen minutes on a call, no slides and no pitch. Bring the decision that is stuck.",Enabled
Search - AU - Fractional CTO,Cloud cost,Responsive search ad,https://thefractionalcto.au/#benefits,cloud,costs,Cut Your Cloud Bill,Cloud Cost Review,AWS and Azure Cost Control,Find Where the Money Goes,Vendor and Cost Control,Negotiated on Your Side,Plain-English Findings,"Flat Monthly Fee, No Lock-In",Pause or Cancel Anytime,"Cloud, Agencies, Contractors","Fixed Fee, No Hourly Surprises",Book a 15-Minute Intro Call,Led by a Former CTO,Plain-English Updates,"Australia-Based, Remote-First","Cloud bills, agencies and contractors reviewed and negotiated on your side of the table.","Find where the cloud bill is going and what to do about it, in plain English.","Senior technical leadership on a flat monthly fee. Unlimited requests, cancel anytime.","Fifteen minutes on a call, no slides and no pitch. Bring the decision that is stuck.",Enabled
Search - AU - Research intent,What a fractional CTO does,Responsive search ad,https://thefractionalcto.au/articles/what-does-a-fractional-cto-do,articles,fractional-cto,What a Fractional CTO Does,"The Job, in Plain English","Same Job, Fraction of the Week","Roadmap, Hires, Vendors, Board",A CTO Without Hiring One,Fractional CTO on Subscription,Pause or Cancel Anytime,Written by a Former CTO,Book a 15-Minute Intro Call,Led by a Former CTO,Plain-English Updates,"Australia-Based, Remote-First",,,,"A plain-English answer to what the role covers, what it does not, and when it fits.","Setting direction, leading engineers, managing vendors, keeping cost and risk in check.","Read the article, then book fifteen minutes if it sounds like the thing you need.","Fifteen minutes on a call, no slides and no pitch. Bring the decision that is stuck.",Enabled
Search - AU - Research intent,Fractional vs full-time CTO,Responsive search ad,https://thefractionalcto.au/articles/fractional-cto-vs-full-time-cto,articles,vs-full-time,Fractional or Full-Time CTO?,"Which One Now, and Which Later",What Each One Really Costs,CTO Salary vs Subscription,The Order That Usually Works,A CTO Without Hiring One,Pause or Cancel Anytime,Written by a Former CTO,Book a 15-Minute Intro Call,Led by a Former CTO,Plain-English Updates,"Australia-Based, Remote-First",,,,"An honest comparison: cost, commitment, and the point where a full-time hire makes sense.","Most go fractional first, then hire full-time once the team is big enough to need it.","Read the article, then book fifteen minutes if it sounds like the thing you need.","Fifteen minutes on a call, no slides and no pitch. Bring the decision that is stuck.",Enabled
Search - AU - Research intent,When to hire a CTO,Responsive search ad,https://thefractionalcto.au/articles/when-to-hire-a-cto,articles,when-to-hire,When to Hire a CTO,And When Not To,Do You Need a CTO Yet?,The Middle Path Founders Miss,A CTO Without Hiring One,Fractional CTO on Subscription,Pause or Cancel Anytime,Written by a Former CTO,Book a 15-Minute Intro Call,Led by a Former CTO,Plain-English Updates,"Australia-Based, Remote-First",,,,"The signals that say hire now, the ones that say not yet, and the option in between.",Most founders hire too early or too late. Here is how to tell which you are about to do.,"Read the article, then book fifteen minutes if it sounds like the thing you need.","Fifteen minutes on a call, no slides and no pitch. Bring the decision that is stuck.",Enabled
Search - AU - Research intent,Due diligence checklist,Responsive search ad,https://thefractionalcto.au/articles/technical-due-diligence-checklist,articles,due-diligence,Technical Due Diligence List,What They Actually Look At,"Before the Raise, Not During",The Most Common Expensive Find,"Technical Audit From $4,500",For Investors and Founders,"Fixed Scope, Quoted Up Front",Written by a Former CTO,Book a 15-Minute Intro Call,Led by a Former CTO,Plain-English Updates,"Australia-Based, Remote-First",,,,"What investors and acquirers check in a technical review, and how to have answers ready.","A checklist you can run yourself, or a fixed-price audit if you would rather not.","Read the article, then book fifteen minutes if it sounds like the thing you need.","Fifteen minutes on a call, no slides and no pitch. Bring the decision that is stuck.",Enabled
Search - AU - Research intent,Choosing an agency,Responsive search ad,https://thefractionalcto.au/articles/how-to-choose-a-software-development-agency,articles,choose-agency,How to Choose a Dev Agency,Without Getting Burned,Sanity-Check the Quote First,Someone on Your Side,The One That Costs the Most,A CTO Without Hiring One,Pause or Cancel Anytime,Written by a Former CTO,Book a 15-Minute Intro Call,Led by a Former CTO,Plain-English Updates,"Australia-Based, Remote-First",,,,"What to ask, what a fair quote looks like, and the signs a project is about to fail.",An agency builds what you ask for. Someone on your side helps you decide what to ask for.,"Read the article, then book fifteen minutes if it sounds like the thing you need.","Fifteen minutes on a call, no slides and no pitch. Bring the decision that is stuck.",Enabled
