Campaign,Callout text
Search - AU - Fractional CTO,Pause or Cancel Anytime
Search - AU - Fractional CTO,Flat Monthly Fee
Search - AU - Fractional CTO,No Lock-In Contract
Search - AU - Fractional CTO,Plain-English Updates
Search - AU - Fractional CTO,Australia-Based
Search - AU - Fractional CTO,Start Within a Week
Search - AU - Fractional CTO,Led by a Former CTO
Search - AU - Fractional CTO,Investor Ready
Search - AU - Research intent,Pause or Cancel Anytime
Search - AU - Research intent,Flat Monthly Fee
Search - AU - Research intent,No Lock-In Contract
Search - AU - Research intent,Plain-English Updates
Search - AU - Research intent,Australia-Based
Search - AU - Research intent,Start Within a Week
Search - AU - Research intent,Led by a Former CTO
Search - AU - Research intent,Investor Ready
